Park ,Plant,Latitude,Longitude,Herbivory,Notes ,HCN,Ac,Li,Vegetation cover m²,Asphalt m²,% Vegetation,% Asphalt,,,HCN,,,,,,,,,Centre park,
Humber,1,N 43.64922°,W 079.49343°,0,314,1,1,1,296.26,17.74,94.35031847,5.649681529,,,,,,,,,,,,N 43.384700,O 079.295011
Humber,2,N 43.64983°,W 079.49274°,6,315,0,1,0,197.9,116.1,63.02547771,36.97452229,,,Park ,0.270833333,,,,,,,,,
Humber,3,N 43.64976°,W 079.49207°,2,316,1,1,1,314,0,100,0,,,Side 1,0.385416667,,,,,,,,,
Humber,4,N 43.64912°,W 079.49179°,0,317,0,1,0,306.61,7.39,97.64649682,2.353503185,,,Side 2,0.270833333,,,,,,,,,
Humber,5,N 43.64908°,W 079.49308°,0,318,0,1,0,212.75,101.25,67.75477707,32.24522293,,,,,,,,,,,,,
Humber,6,N 43.64832°,W 079.49416°,2,319,0,1,0,168.31,145.69,53.60191083,46.39808917,,,,,,,,,,,,,
Humber,7,N 43.64818°,W 079.49453°,0,320,0,1,0,206.13,107.87,65.64649682,34.35350318,,,,,,,,,,,,,
Humber,8,N 43.64779°,W 079.49451°,1,321,1,1,1,314,0,100,0,,,,,,,,,,,,,
Humber,9,N 43.64727°,W 079.49471°,4,322,1,1,1,314,0,100,0,,,,,,,,,,,,,
Humber,10,N 43.64645°,W 079.49470°,0,323,0,1,0,314,0,100,0,,,,,,,,,,,,,
Humber,11,N 43.64654°,W 079.49497°,1,324,1,1,1,314,0,100,0,,,,,,,,,,,,,
Humber,12,N 43.64650°,W 079.49563°,8,325,0,0,0,278.85,35.15,88.80573248,11.19426752,,,,,,,,,,,,,
Humber,13,N 43.64651°,W 079.49612°,4,326,0,0,1,298.47,15.53,95.05414013,4.945859873,,,,,,,,,,,,,
Humber,14,N 43.64627°,W 079.49537°,0,327,0,1,0,205.36,108.64,65.40127389,34.59872611,,,,,,,,,,,,,
Humber,15,N 43.64623°,W 079.49481°,0,328,0,0,0,314,0,100,0,,,,,,,,,,,,,
Humber,16,N 43.64614°,W 079.49444°,3,329,1,1,1,203.5,110.5,64.8089172,35.1910828,,,Ac,,,,,,,,,,
Humber,17,N 43.64598°,W 079.49397°,0,330,1,1,1,263.28,50.72,83.84713376,16.15286624,,,,ac,Ac,,,,,,,,
Humber,18,N 43.64550°,W 079.49334°,4,331,0,0,0,262.13,51.87,83.48089172,16.51910828,,,Park,0.58630197,0.41369803,,,,,,,,
Humber,19,N 43.64516°,W 079.49284°,5,332,1,1,1,261.36,52.64,83.23566879,16.76433121,,,Side 1,0.489472505,0.510527495,,,,,,,,
Humber,20,N 43.64489°,W 079.49260°,1,333,0,1,0,253.66,60.34,80.78343949,19.21656051,,,Side 2,0.559016994,0.440983006,,,,,,,,
Humber,21,N 43.64384°,W 079.49262°,0,334,0,1,0,237.99,76.01,75.79299363,24.20700637,,,,,,,,,,,,,
Humber,22,N 43.64366°,W 079.49253°,0,335,0,0,0,171.21,142.79,54.52547771,45.47452229,,,,,,,,,,,,,
Humber,23,N 43.64350°,W 079.49239°,2,336,0,1,0,312.24,1.76,99.43949045,0.560509554,,,,,,,,,,,,,
Humber,24,N 43.64361°,W 079.49206°,0,337,0,0,0,314,0,100,0,,,,,,,,,,,,,
Humber,25,N 43.64322°,W 079.49177°,0,338,0,1,0,314,0,100,0,,,,,,,,,,,,,
Humber,26,N 43.64292°,W 079.49178°,0,339,0,1,0,314,0,100,0,,,,,,,,,,,,,
Humber,27,N 43.64308°,W 079.49206°,0,340,1,1,1,314,0,100,0,,,,,,,,,,,,,
Humber,28,N 43.64317°,W 079.49251°,1,341,1,1,1,314,0,100,0,,,,,,,,,,,,,
Humber,29,N 43.64284°,W 079.49286°,0,342,0,1,0,214.79,99.21,68.4044586,31.5955414,,,,,,,,,,,,,
Humber,30,N 43.64248°,W 079.49286°,0.5,343,0,1,0,239.41,74.59,76.24522293,23.75477707,,,,,,,,,,,,,
Humber,31,N 43.64248°,W 079.49255°,0,344,1,1,1,314,0,100,0,,,Li,,,,,,,,,,
Humber,32,N 43.64237°,W 079.49212°,0,345,0,1,0,314,0,100,0,,,,li,Li,,,,,,,,
Humber,33,N 43.64235°,W 079.49164°,0,346,0,0,0,314,0,100,0,,,Park,0.77055175,0.22944825,,,,,,,,
Humber,34,N 43.64238°,W 079.49120°,0,347,0,1,0,224.62,89.38,71.53503185,28.46496815,,,Side 1,0.714434508,0.285565492,,,,,,,,
Humber,35,N 43.64246°,W 079.49076°,0,348,0,1,0,281.6,32.4,89.68152866,10.31847134,,,Side 2,0.79713027,0.20286973,,,,,,,,
Humber,36,N 43.64200°,W 079.49061°,0,349,0,1,0,199.83,114.17,63.64012739,36.35987261,,,,,,,,,,,,,
Humber,37,N 43.64148°,W 079.49049°,0,350,0,1,0,314,0,100,0,,,,,,,,,,,,,
Humber,38,N 43.64089°,W 079.49081°,1,351,0,0,1,112.93,201.07,35.96496815,64.03503185,,,,,,,,,,,,,
Humber,39,N 43.64108°,W 079.49084°,0,352,0,1,0,217.51,96.49,69.27070064,30.72929936,,,,,,,,,,,,,
Humber,40,N 43.64134°,W 079.49094°,0,353,0,1,0,309.1,4.9,98.43949045,1.560509554,,,,,,,,,,,,,
Humber,41,N 43.64165°,W 079.49104°,2,354,0,0,0,314,0,100,0,,,,,,,,,,,,,
Humber,42,N 43.64212°,W 079.49140°,0,355,0,0,1,314,0,100,0,,,,,,,,,,,,,
Humber,43,N 43.64202°,W 079.49171°,0,356,1,1,1,314,0,100,0,,,,,,,,,,,,,
Humber,44,N 43.64187°,W 079.49238°,0,357,0,1,0,314,0,100,0,,,,,,,,,,,,,
Humber,45,N 43.64161°,W 079.49252°,8,358,0,1,0,229.41,84.59,73.06050955,26.93949045,,,,,,,,,,,,,
Humber,46,N 43.64133°,W 079.49220°,0,359,0,0,0,209.6,104.4,66.75159236,33.24840764,,,,,,,,,,,,,
Humber,47,N 43.64120°,W 079.49158°,0,360,0,0,1,314,0,100,0,,,Herbivory,,,,,,,,,,
Humber,48,N 43.64151°,W 079.49165°,2,361,0,0,1,314,0,100,0,,,,,,,,,,,,,
Humber,49,N 43.64499°,W 079.49361°,1,362,0,0,0,314,0,100,0,,,Park,1.541666667,,,,,,,,,
Humber,50,N 43.64576°,W 079.49437°,0,363,1,1,1,307.71,6.29,97.99681529,2.003184713,,,Side 1,0.833333333,,,,,,,,,
Humber,51,N 43.64584°,W 079.49464°,0,364,0,0,0,273.51,40.49,87.10509554,12.89490446,,,Side 2,0.552083333,,,,,,,,,
Humber,52,N 43.64579°,W 079.49586°,0,365,0,1,0,217.52,96.48,69.27388535,30.72611465,,,,,,,,,,,,,
Humber,53,N 43.64586°,W 079.49523°,0,366,1,1,1,292.19,21.81,93.05414013,6.945859873,,,,,,,,,,,,,
Humber,54,N 43.64585°,W 079.49564°,0,367,1,1,1,278.49,35.51,88.6910828,11.3089172,,,,,,,,,,,,,
Humber,55,N 43.64591°,W 079.49588°,3,368,0,1,0,305.31,8.69,97.23248408,2.767515924,,,,,,,,,,,,,
Humber,56,N 43.64595°,W 079.49632°,0,369,0,0,0,278.59,35.41,88.72292994,11.27707006,,,,,,,,,,,,,
Humber,57,N 43.64605°,W 079.49654°,0.5,370,0,1,0,268.91,45.09,85.64012739,14.35987261,,,,,,,,,,,,,
Humber,58,N 43.64581°,W 079.49677°,4,371,0,0,0,239.31,74.69,76.2133758,23.7866242,,,,,,,,,,,,,
Humber,59,N 43.64584°,W 079.49725°,0,372,0,1,0,297.32,16.68,94.68789809,5.312101911,,,,,,,,,,,,,
Humber,60,N 43.64571°,W 079.49778°,1,373,0,0,1,219.96,94.04,70.05095541,29.94904459,,,,,,,,,,,,,
Humber,61,N 43.64592°,W 079.49900°,5,374,1,1,1,289.42,24.58,92.17197452,7.828025478,,,,,,,,,,,,,
Humber,62,N 43.64622°,W 079.49974°,2,375,0,0,1,281.16,32.84,89.54140127,10.45859873,,,,,,,,,,,,,
Humber,63,N 43.64717°,W 079.49967°,0,376,0,1,0,293.94,20.06,93.61146497,6.388535032,,,,,,,,,,,,,
Humber,64,N 43.64757°,W 079.49955°,9,377,0,1,0,289.75,24.25,92.27707006,7.722929936,,,,,,,,,,,,,
Humber,65,N 43.64827°,W 079.49890°,0.5,378,0,0,1,282.82,31.18,90.07006369,9.929936306,,,,,,,,,,,,,
Humber,66,N 43.64877°,W 079.49910°,2,379,0,1,0,287.23,26.77,91.47452229,8.525477707,,,,,,,,,,,,,
Humber,67,N 43.64953°,W 079.49947°,4,380,1,1,1,211.27,102.73,67.28343949,32.71656051,,,,,,,,,,,,,
Humber,68,N 43.64911°,W 079.50000°,0,381,0,0,1,264.76,49.24,84.31847134,15.68152866,,,,,,,,,,,,,
Humber,69,N 43.64919°,W 079.50063°,0,382,1,1,1,273.07,40.93,86.96496815,13.03503185,,,,,,,,,,,,,
Humber,70,N 43.64947°,W 079.50140°,0,383,0,0,1,244,70,77.70700637,22.29299363,,,,,,,,,,,,,
Humber,71,N 43.64915°,W 079.50189°,0,384,0,0,1,246.83,67.17,78.60828025,21.39171975,,,,,,,,,,,,,
Humber,72,N 43.64891°,W 079.50256°,4,385,1,1,1,203.18,110.82,64.70700637,35.29299363,,,,,,,,,,,,,
Humber,73,N 43.64821°,W 079.50391°,4,386,0,0,0,298.32,15.68,95.00636943,4.993630573,,,,,,,,,,,,,
Humber,74,N 43.64728°,W 079.50449°,0,387,1,1,1,299.49,14.51,95.37898089,4.621019108,,,,,,,,,,,,,
Humber,75,N 43.64701°,W 079.50365°,2,388,0,0,1,297.09,16.91,94.61464968,5.385350318,,,,,,,,,,,,,
Humber,76,N 43.64637°,W 079.50417°,0,389,0,0,0,255.06,58.94,81.22929936,18.77070064,,,,,,,,,,,,,
Humber,77,N 43.64550°,W 079.50365°,0,390,1,1,1,293.95,20.05,93.61464968,6.385350318,,,,,,,,,,,,,
Humber,78,N 43.64505°,W 079.50349°,0,391,0,0,0,274.59,39.41,87.44904459,12.55095541,,,,,,,,,,,,,
Humber,79,N 43.64420°,W 079.50331°,14,392,0,1,0,293.66,20.34,93.52229299,6.477707006,,,,,,,,,,,,,
Humber,80,N 43.64355°,W 079.50314°,16,393,0,1,0,262.16,51.84,83.49044586,16.50955414,,,,,,,,,,,,,
Humber,81,N 43.64394°,W 079.50217°,0,394,0,0,0,209.05,104.95,66.57643312,33.42356688,,,,,,,,,,,,,
Humber,82,N 43.64419°,W 079.50053°,0,395,0,1,0,198.92,115.08,63.35031847,36.64968153,,,,,,,,,,,,,
Humber,83,N 43.64446°,W 079.49979°,0,396,0,1,0,243.94,70.06,77.68789809,22.31210191,,,,,,,,,,,,,
Humber,84,N 43.64452°,W 079.49854°,0,397,0,1,0,294.31,19.69,93.72929936,6.270700637,,,,,,,,,,,,,
Humber,85,N 43.64491°,W 079.49764°,2,398,0,1,0,244.15,69.85,77.75477707,22.24522293,,,,,,,,,,,,,
Humber,86,N 43.64519°,W 079.49890°,4,399,0,1,0,231.99,82.01,73.88216561,26.11783439,,,,,,,,,,,,,
Humber,87,N 43.64531°,W 079.50040°,1,400,0,0,0,282.04,31.96,89.82165605,10.17834395,,,,,,,,,,,,,
Humber,88,N 43.64494°,W 079.50038°,2,401,0,0,0,218.08,95.92,69.4522293,30.5477707,,,,,,,,,,,,,
Humber,89,N 43.64541°,W 079.50215°,0,402,0,0,0,223.59,90.41,71.20700637,28.79299363,,,,,,,,,,,,,
Humber,90,N 43.64686°,W 079.50167°,2,403,0,0,0,264.49,49.51,84.23248408,15.76751592,,,,,,,,,,,,,
Humber,91,N 43.64644°,W 079.50067°,2,404,1,1,1,218.99,95.01,69.74203822,30.25796178,,,,,,,,,,,,,
Humber,92,N 43.64803°,W 079.50104°,0.5,405,1,1,1,233.7,80.3,74.42675159,25.57324841,,,,,,,,,,,,,
Humber,93,N 43.64826°,W 079.50008°,2,406,1,1,1,204.4,109.6,65.0955414,34.9044586,,,,,,,,,,,,,
Humber,94,N 43.64835°,W 079.50267°,1,407,1,1,1,271.69,42.31,86.52547771,13.47452229,,,,,,,,,,,,,
Humber,95,N 43.64742°,W 079.50269°,0,408,0,0,1,265.07,48.93,84.41719745,15.58280255,,,,,,,,,,,,,
Humber,96,N 43.64671°,W 079.50304°,2,409,1,1,1,200.97,113.03,64.00318471,35.99681529,,,,,,,,,,,,,
Humber,97,N 43.64524°,O 079.50391°,0,410,0,0,1,192.15,121.85,61.19426752,38.80573248,,,,,,,,,,,,,
Humber,98,N 43.64524°,O 079.50417°,1,411,0,1,0,152.96,161.04,48.7133758,51.2866242,,,,,,,,,,,,,
Humber,99,N 43.64511°,O 079.50439°,3,412,0,1,0,78.4,235.6,24.96815287,75.03184713,,,,,,,,,,,,,
Humber,100,N 43.64503°,O 079.50460°,0.5,413,1,1,1,100.99,213.01,32.16242038,67.83757962,,,,,,,,,,,,,
Humber,101,N 43.64499°,O 079.50489°,0,414,0,1,0,105.67,208.33,33.65286624,66.34713376,,,,,,,,,,,,,
Humber,102,N 43.64482°,O 079.50513°,0,415,0,0,1,122.01,191.99,38.8566879,61.1433121,,,,,,,,,,,,,
Humber,103,N 43.64485°,O 079.50534°,2,416,1,1,1,159.44,154.56,50.77707006,49.22292994,,,,,,,,,,,,,
Humber,104,N 43.64467°,O 079.50559°,4,417,0,0,0,139.06,174.94,44.2866242,55.7133758,,,,,,,,,,,,,
Humber,105,N 43.64462°,O 079.50583°,0,418,0,0,1,144.1,169.9,45.89171975,54.10828025,,,,,,,,,,,,,
Humber,106,N 43.64460°,O 079.50616°,0,419,0,1,0,83.47,230.53,26.58280255,73.41719745,,,,,,,,,,,,,
Humber,107,N 43.64449°,O 079.50636°,0,420,1,1,1,139.99,174.01,44.58280255,55.41719745,,,,,,,,,,,,,
Humber,108,N 43.64454°,O 079.50662°,2,421,1,1,1,160.5,153.5,51.11464968,48.88535032,,,,,,,,,,,,,
Humber,109,N 43.64435°,O 079.50684°,0,422,1,1,1,105.46,208.54,33.58598726,66.41401274,,,,,,,,,,,,,
Humber,110,N 43.64426°,O 079.50708°,2,423,1,1,1,108.42,205.58,34.52866242,65.47133758,,,,,,,,,,,,,
Humber,111,N 43.64423°,O 079.50734°,3,424,0,1,0,103.53,210.47,32.97133758,67.02866242,,,,,,,,,,,,,
Humber,112,N 43.64415°,O 079.50767°,0,425,0,0,0,145.91,168.09,46.46815287,53.53184713,,,,,,,,,,,,,
Humber,113,N 43.64423°,O 079.50789°,1,426,0,0,1,84.82,229.18,27.01273885,72.98726115,,,,,,,,,,,,,
Humber,114,N 43.64421°,O 079.50817°,1,427,0,0,0,67.46,246.54,21.48407643,78.51592357,,,,,,,,,,,,,
Humber,115,N 43.64415°,O 079.50843°,0.5,428,1,1,1,154.98,159.02,49.3566879,50.6433121,,,,,,,,,,,,,
Humber,116,N 43.64410°,O 079.50870°,3,429,1,1,1,141.45,172.55,45.0477707,54.9522293,,,,,,,,,,,,,
Humber,117,N 43.64405°,O 079.50894°,4,430,1,1,1,177.45,136.55,56.51273885,43.48726115,,,,,,,,,,,,,
Humber,118,N 43.64401°,O 079.50916°,8,431,0,0,1,94.02,219.98,29.94267516,70.05732484,,,,,,,,,,,,,
Humber,119,N 43.64397°,O 079.50941°,0,432,0,1,0,104.16,209.84,33.17197452,66.82802548,,,,,,,,,,,,,
Humber,120,N 43.64389°,O 079.50965°,0,433,1,1,1,168.06,145.94,53.52229299,46.47770701,,,,,,,,,,,,,
Humber,121,N 43.64392°,O 079.50988°,0,434,0,0,0,102.63,211.37,32.68471338,67.31528662,,,,,,,,,,,,,
Humber,122,N 43.64409°,O 079.50997°,0,435,0,1,0,107.49,206.51,34.23248408,65.76751592,,,,,,,,,,,,,
Humber,123,N 43.64410°,O 079.51020°,6,436,0,1,0,156.23,157.77,49.75477707,50.24522293,,,,,,,,,,,,,
Humber,124,N 43.64405°,O 079.51044°,0,437,0,0,1,171.41,142.59,54.58917197,45.41082803,,,,,,,,,,,,,
Humber,125,N 43.64399°,O 079.51068°,2,438,0,0,1,145.69,168.31,46.39808917,53.60191083,,,,,,,,,,,,,
Humber,126,N 43.64392°,O 079.51094°,0,439,0,0,0,128.19,185.81,40.82484076,59.17515924,,,,,,,,,,,,,
Humber,127,N 43.64396°,O 079.51128°,0,440,0,0,0,125.04,188.96,39.82165605,60.17834395,,,,,,,,,,,,,
Humber,128,N 43.64381°,O 079.51144°,0,441,1,1,1,124.7,189.3,39.7133758,60.2866242,,,,,,,,,,,,,
Humber,129,N 43.64375°,O 079.51170°,0,442,0,1,0,113.6,200.4,36.17834395,63.82165605,,,,,,,,,,,,,
Humber,130,N 43.64366°,O 079.51194°,0,443,0,0,0,162.04,151.96,51.60509554,48.39490446,,,,,,,,,,,,,
Humber,131,N 43.64365°,O 079.51218°,1,444,1,1,1,116.38,197.62,37.06369427,62.93630573,,,,,,,,,,,,,
Humber,132,N 43.64357°,O 079.51244°,0,445,0,1,0,114.27,199.73,36.39171975,63.60828025,,,,,,,,,,,,,
Humber,133,N 43.64351°,O 079.51268°,0,446,0,0,1,131.4,182.6,41.84713376,58.15286624,,,,,,,,,,,,,
Humber,134,N 43.64347°,O 079.51296°,0,447,0,0,0,103.73,210.27,33.03503185,66.96496815,,,,,,,,,,,,,
Humber,135,N 43.64343°,O 079.51321°,0,448,0,1,0,183.43,130.57,58.41719745,41.58280255,,,,,,,,,,,,,
Humber,136,N 43.64334°,O 079.51345°,0,449,1,1,1,158.89,155.11,50.60191083,49.39808917,,,,,,,,,,,,,
Humber,137,N 43.64329°,O 079.51369°,0,450,0,0,0,158.96,155.04,50.62420382,49.37579618,,,,,,,,,,,,,
Humber,138,N 43.64328°,O 079.51393°,0,451,0,1,0,143.23,170.77,45.61464968,54.38535032,,,,,,,,,,,,,
Humber,139,N 43.64321°,O 079.51414°,0,452,0,1,0,112.62,201.38,35.86624204,64.13375796,,,,,,,,,,,,,
Humber,140,N 43.64318°,O 079.51440°,0,453,1,1,1,141.15,172.85,44.9522293,55.0477707,,,,,,,,,,,,,
Humber,141,N 43.64320°,O 079.51466°,0,454,1,1,1,186.65,127.35,59.44267516,40.55732484,,,,,,,,,,,,,
Humber,142,N 43.64296°,O 079.51540°,0,455,1,1,1,81.11,232.89,25.83121019,74.16878981,,,,,,,,,,,,,
Humber,143,N 43.64294°,O 079.51564°,0,456,0,1,0,157.15,156.85,50.0477707,49.9522293,,,,,,,,,,,,,
Humber,144,N 43.64288°,O 079.51587°,0,457,0,0,1,152.8,161.2,48.66242038,51.33757962,,,,,,,,,,,,,
Humber,145,N 43.64288°,O 079.51611°,0,458,0,1,0,226,88,71.97452229,28.02547771,,,,,,,,,,,,,
Humber,146,N 43.64282°,O 079.51634°,0,459,1,1,1,177.14,136.86,56.41401274,43.58598726,,,,,,,,,,,,,
Humber,147,N 43.64275°,O 079.51659°,2,460,0,1,0,128.28,185.72,40.85350318,59.14649682,,,,,,,,,,,,,
Humber,148,N 43.64271°,O 079.51685°,0,461,0,1,0,132.26,181.74,42.12101911,57.87898089,,,,,,,,,,,,,
Humber,149,N 43.64264°,O 079.51709°,0,462,1,1,1,194.71,119.29,62.00955414,37.99044586,,,,,,,,,,,,,
Humber,150,N 43.64261°,O 079.51733°,0,463,0,1,0,145.3,168.7,46.27388535,53.72611465,,,,,,,,,,,,,
Humber,151,N 43.64259°,O 079.51759°,0,464,1,1,1,143.2,170.8,45.60509554,54.39490446,,,,,,,,,,,,,
Humber,152,N 43.64252°,O 079.51784°,0,465,0,1,0,204.3,109.7,65.06369427,34.93630573,,,,,,,,,,,,,
Humber,153,N 43.64238°,O 079.51803°,0,466,1,1,1,95.85,218.15,30.52547771,69.47452229,,,,,,,,,,,,,
Humber,154,N 43.64233°,O 079.51829°,3,467,0,1,0,126.83,187.17,40.39171975,59.60828025,,,,,,,,,,,,,
Humber,155,N 43.64227°,O 079.51852°,0,468,0,1,0,162.83,151.17,51.8566879,48.1433121,,,,,,,,,,,,,
Humber,156,N 43.64220°,O 079.51878°,0,469,0,0,0,118.56,195.44,37.75796178,62.24203822,,,,,,,,,,,,,
Humber,157,N 43.64227°,O 079.51906°,0,470,0,0,1,174.67,139.33,55.62738854,44.37261146,,,,,,,,,,,,,
Humber,158,N 43.64211°,O 079.51923°,0,471,0,1,0,135.8,178.2,43.24840764,56.75159236,,,,,,,,,,,,,
Humber,159,N 43.64206°,O 079.51949°,0,472,0,1,0,94.16,219.84,29.98726115,70.01273885,,,,,,,,,,,,,
Humber,160,N 43.64202°,O 079.51974°,2,473,0,1,0,126.83,187.17,40.39171975,59.60828025,,,,,,,,,,,,,
Humber,161,N 43.64197°,O 079.51997°,2,474,0,0,0,161.82,152.18,51.53503185,48.46496815,,,,,,,,,,,,,
Humber,162,N 43.64197°,O 079.52031°,1,475,1,1,1,202.79,111.21,64.58280255,35.41719745,,,,,,,,,,,,,
Humber,163,N 43.64183°,O 079.52058°,2,476,0,1,0,150.95,163.05,48.07324841,51.92675159,,,,,,,,,,,,,
Humber,164,N 43.64182°,O 079.52082°,0,477,0,1,0,169.74,144.26,54.05732484,45.94267516,,,,,,,,,,,,,
Humber,165,N 43.64172°,O 079.52099°,0,478,1,1,1,123.9,190.1,39.45859873,60.54140127,,,,,,,,,,,,,
Humber,166,N 43.64174°,O 079.52130°,0,479,1,1,1,124.47,189.53,39.64012739,60.35987261,,,,,,,,,,,,,
Humber,167,N 43.64160°,O 079.52155°,0,480,1,1,1,163.68,150.32,52.12738854,47.87261146,,,,,,,,,,,,,
Humber,168,N 43.64151°,O 079.52179°,0,481,0,1,0,135.72,178.28,43.22292994,56.77707006,,,,,,,,,,,,,
Humber,169,N 43.64136°,O 079.52189°,0,482,1,1,1,144.14,169.86,45.9044586,54.0955414,,,,,,,,,,,,,
Humber,170,N 43.64140°,O 079.52213°,0,483,0,1,0,95.63,218.37,30.45541401,69.54458599,,,,,,,,,,,,,
Humber,171,N 43.64149°,O 079.52229°,3,484,0,1,0,99.48,214.52,31.68152866,68.31847134,,,,,,,,,,,,,
Humber,172,N 43.64141°,O 079.52255°,0,485,0,1,0,110.47,203.53,35.18152866,64.81847134,,,,,,,,,,,,,
Humber,173,N 43.64133°,O 079.52282°,4,486,1,1,1,139.64,174.36,44.47133758,55.52866242,,,,,,,,,,,,,
Humber,174,N 43.64130°,O 079.52311°,0,487,1,1,1,107.41,206.59,34.20700637,65.79299363,,,,,,,,,,,,,
Humber,175,N 43.64125°,O 079.52335°,6,488,1,1,1,114.03,199.97,36.31528662,63.68471338,,,,,,,,,,,,,
Humber,176,N 43.64118°,O 079.52364°,4,489,1,1,1,142.36,171.64,45.33757962,54.66242038,,,,,,,,,,,,,
Humber,177,N 43.64112°,O 079.52395°,0,490,0,1,0,111.75,202.25,35.58917197,64.41082803,,,,,,,,,,,,,
Humber,178,N 43.64114°,O 079.52428°,0,491,1,1,1,143.23,170.77,45.61464968,54.38535032,,,,,,,,,,,,,
Humber,179,N 43.64099°,O 079.52448°,1,492,0,1,0,170.63,143.37,54.34076433,45.65923567,,,,,,,,,,,,,
Humber,180,N 43.64089°,O 079.52472°,4,493,1,1,1,136.79,177.21,43.56369427,56.43630573,,,,,,,,,,,,,
Humber,181,N 43.64089°,O 079.52495°,0,494,0,0,0,174.04,139.96,55.42675159,44.57324841,,,,,,,,,,,,,
Humber,182,N 43.64082°,O 079.52521°,0,495,1,1,1,107,207,34.07643312,65.92356688,,,,,,,,,,,,,
Humber,183,N 43.64076°,O 079.52550°,0,496,1,1,1,121.99,192.01,38.85031847,61.14968153,,,,,,,,,,,,,
Humber,184,N 43.64071°,O 079.52573°,0,497,0,1,0,141.58,172.42,45.08917197,54.91082803,,,,,,,,,,,,,
Humber,185,N 43.64063°,O 079.52599°,2,498,1,1,1,122.21,191.79,38.92038217,61.07961783,,,,,,,,,,,,,
Humber,186,N 43.64056°,O 079.52629°,0,499,1,1,1,139.36,174.64,44.38216561,55.61783439,,,,,,,,,,,,,
Humber,187,N 43.64051°,O 079.52656°,0,500,0,1,0,105.41,208.59,33.57006369,66.42993631,,,,,,,,,,,,,
Humber,188,N 43.64048°,O 079.52681°,0,501,1,1,1,124.14,189.86,39.53503185,60.46496815,,,,,,,,,,,,,
Humber,189,N 43.64041°,O 079.52704°,0,502,1,1,1,139.97,174.03,44.57643312,55.42356688,,,,,,,,,,,,,
Humber,190,N 43.64035°,O 079.52729°,0,503,0,1,0,144.33,169.67,45.96496815,54.03503185,,,,,,,,,,,,,
Humber,191,N 43.64028°,O 079.52750°,0,504,0,0,0,162.26,151.74,51.67515924,48.32484076,,,,,,,,,,,,,
Humber,192,N 43.64027°,O 079.52776°,0,505,0,1,0,145.68,168.32,46.39490446,53.60509554,,,,,,,,,,,,,
Humber,193,N 43.65076°,O 079.48972°,0,506,0,1,0,284.45,29.55,90.58917197,9.410828025,,,,,,,,,,,,,
Humber,194,N 43.65081°,O 079.48944°,0,507,0,0,0,150.29,163.71,47.86305732,52.13694268,,,,,,,,,,,,,
Humber,195,N 43.65092°,O 079.48892°,0,508,0,1,0,97.62,216.38,31.08917197,68.91082803,,,,,,,,,,,,,
Humber,196,N 43.65097°,O 079.48859°,0,509,0,0,1,88.5,225.5,28.18471338,71.81528662,,,,,,,,,,,,,
Humber,197,N 43.65111°,O 079.48808°,0,510,0,1,0,163.53,150.47,52.07961783,47.92038217,,,,,,,,,,,,,
Humber,198,N 43.65121°,O 079.48759°,0,511,1,1,1,314,0,100,0,,,,,,,,,,,,,
Humber,199,N 43.65145°,O 079.48750°,0,512,1,1,1,153.65,160.35,48.93312102,51.06687898,,,,,,,,,,,,,
Humber,200,N 43.65123°,O 079.48707°,0,513,1,1,1,127.92,186.08,40.7388535,59.2611465,,,,,,,,,,,,,
Humber,201,N 43.65136°,O 079.48669°,0,514,1,1,1,59.42,254.58,18.92356688,81.07643312,,,,,,,,,,,,,
Humber,202,N 43.65143°,O 079.48647°,0,515,0,0,0,94.11,219.89,29.97133758,70.02866242,,,,,,,,,,,,,
Humber,203,N 43.65145°,O 079.48624°,0,516,1,1,1,86.1,227.9,27.42038217,72.57961783,,,,,,,,,,,,,
Humber,204,N 43.65157°,O 079.48609°,0,517,1,1,1,68.9,245.1,21.94267516,78.05732484,,,,,,,,,,,,,
Humber,205,N 43.65165°,O 079.48583°,0,518,0,0,1,69.46,244.54,22.12101911,77.87898089,,,,,,,,,,,,,
Humber,206,N 43.65201°,O 079.48571°,0,519,0,0,1,148.21,165.79,47.20063694,52.79936306,,,,,,,,,,,,,
Humber,207,N 43.65242°,O 079.48591°,0,520,1,1,1,54.85,259.15,17.46815287,82.53184713,,,,,,,,,,,,,
Humber,208,N 43.65258°,O 079.48595°,0,521,0,1,0,104.15,209.85,33.16878981,66.83121019,,,,,,,,,,,,,
Humber,209,N 43.65282°,O 079.48605°,0,522,0,0,0,42.8,271.2,13.63057325,86.36942675,,,,,,,,,,,,,
Humber,210,N 43.65310°,O 079.48611°,0,523,0,1,0,51.77,262.23,16.48726115,83.51273885,,,,,,,,,,,,,
Humber,211,N 43.65310°,O 079.48580°,0,524,0,1,0,96.28,217.72,30.66242038,69.33757962,,,,,,,,,,,,,
Humber,212,N 43.65313°,O 079.48557°,0,525,0,1,0,56.95,257.05,18.13694268,81.86305732,,,,,,,,,,,,,
Humber,213,N 43.65319°,O 079.48531°,0,526,0,1,0,61.86,252.14,19.70063694,80.29936306,,,,,,,,,,,,,
Humber,214,N 43.65326°,O 079.48509°,0,527,1,1,1,82.17,231.83,26.16878981,73.83121019,,,,,,,,,,,,,
Humber,215,N 43.65318°,O 079.48483°,0,528,0,1,0,116.9,197.1,37.22929936,62.77070064,,,,,,,,,,,,,
Humber,216,N 43.65336°,O 079.48466°,0,529,0,1,0,101.52,212.48,32.33121019,67.66878981,,,,,,,,,,,,,
Humber,217,N 43.65327°,O 079.48430°,0,530,0,0,0,76.13,237.87,24.24522293,75.75477707,,,,,,,,,,,,,
Humber,218,N 43.65337°,O 079.48410°,2,531,1,1,1,73.98,240.02,23.56050955,76.43949045,,,,,,,,,,,,,
Humber,219,N 43.65347°,O 079.48380°,0,532,1,1,1,80.97,233.03,25.7866242,74.2133758,,,,,,,,,,,,,
Humber,220,N 43.65351°,O 079.48353°,0,533,0,0,0,57.82,256.18,18.41401274,81.58598726,,,,,,,,,,,,,
Humber,221,N 43.65352°,O 079.48328°,0,534,0,1,0,94.74,219.26,30.17197452,69.82802548,,,,,,,,,,,,,
Humber,222,N 43.65359°,O 079.48306°,0,535,0,0,0,146.25,167.75,46.57643312,53.42356688,,,,,,,,,,,,,
Humber,223,N 43.65372°,O 079.48291°,2,536,0,0,1,88,226,28.02547771,71.97452229,,,,,,,,,,,,,
Humber,224,N 43.65380°,O 079.48270°,1,537,0,1,0,124.93,189.07,39.7866242,60.2133758,,,,,,,,,,,,,
Humber,225,N 43.65381°,O 079.48243°,0,538,0,1,0,88.87,225.13,28.30254777,71.69745223,,,,,,,,,,,,,
Humber,226,N 43.65377°,O 079.48214°,0,539,0,1,0,103.09,210.91,32.83121019,67.16878981,,,,,,,,,,,,,
Humber,227,N 43.65379°,O 079.48190°,6,540,0,1,0,127.25,186.75,40.52547771,59.47452229,,,,,,,,,,,,,
Humber,228,N 43.65390°,O 079.48171°,0,541,0,1,0,65.88,248.12,20.98089172,79.01910828,,,,,,,,,,,,,
Humber,229,N 43.65395°,O 079.48125°,0,542,1,1,1,105.12,208.88,33.47770701,66.52229299,,,,,,,,,,,,,
Humber,230,N 43.65414°,O 079.48091°,0,543,1,1,1,107.3,206.7,34.17197452,65.82802548,,,,,,,,,,,,,
Humber,231,N 43.65426°,O 079.48048°,0,544,0,0,1,121.09,192.91,38.56369427,61.43630573,,,,,,,,,,,,,
Humber,232,N 43.65414°,O 079.48031°,0,545,0,1,0,86.26,227.74,27.47133758,72.52866242,,,,,,,,,,,,,
Humber,233,N 43.65419°,O 079.48003°,0,546,0,0,0,86.78,227.22,27.63694268,72.36305732,,,,,,,,,,,,,
Humber,234,N 43.65439°,O 079.47987°,4,547,1,1,1,106.12,207.88,33.79617834,66.20382166,,,,,,,,,,,,,
Humber,235,N 43.65456°,O 079.47928°,10,548,0,1,0,83.32,230.68,26.53503185,73.46496815,,,,,,,,,,,,,
Humber,236,N 43.65454°,O 079.47901°,0,549,0,1,0,125.3,188.7,39.9044586,60.0955414,,,,,,,,,,,,,
Humber,237,N 43.65454°,O 079.47860°,0,550,0,1,0,87.31,226.69,27.80573248,72.19426752,,,,,,,,,,,,,
Humber,238,N 43.65470°,O 079.47852°,0,551,1,1,1,154.82,159.18,49.30573248,50.69426752,,,,,,,,,,,,,
Humber,239,N 43.65463°,O 079.47818°,0,552,0,1,0,96.24,217.76,30.64968153,69.35031847,,,,,,,,,,,,,
Humber,240,N 43.65459°,O 079.47785°,0,553,0,1,0,98.24,215.76,31.2866242,68.7133758,,,,,,,,,,,,,
Humber,241,N 43.65468°,O 079.47761°,3,554,1,1,1,136.32,177.68,43.41401274,56.58598726,,,,,,,,,,,,,
Humber,242,N 43.65486°,O 079.47738°,0,555,0,1,0,111.6,202.4,35.54140127,64.45859873,,,,,,,,,,,,,
Humber,243,N 43.65482°,O 079.47710°,0,556,0,1,0,55.08,258.92,17.54140127,82.45859873,,,,,,,,,,,,,
Humber,244,N 43.65494°,O 079.47666°,0,557,1,1,1,147.72,166.28,47.04458599,52.95541401,,,,,,,,,,,,,
Humber,245,N 43.65508°,O 079.47655°,0,558,0,1,0,121.26,192.74,38.61783439,61.38216561,,,,,,,,,,,,,
Humber,246,N 43.65522°,O 079.47642°,0,559,0,1,0,168.12,145.88,53.54140127,46.45859873,,,,,,,,,,,,,
Humber,247,N 43.65546°,O 079.47634°,0,560,0,0,0,116.51,197.49,37.10509554,62.89490446,,,,,,,,,,,,,
Humber,248,N 43.65541°,O 079.47612°,0,561,1,1,1,160.33,153.67,51.06050955,48.93949045,,,,,,,,,,,,,
Humber,249,N 43.65551°,O 079.47582°,2,562,0,0,0,91.62,222.38,29.17834395,70.82165605,,,,,,,,,,,,,
Humber,250,N 43.65549°,O 079.47556°,0,563,0,0,1,162.19,151.81,51.65286624,48.34713376,,,,,,,,,,,,,
Humber,251,N 43.65553°,O 079.47531°,0,564,0,0,1,172.68,141.32,54.99363057,45.00636943,,,,,,,,,,,,,
Humber,252,N 43.65554°,O 079.47507°,0,565,0,0,0,162.7,151.3,51.81528662,48.18471338,,,,,,,,,,,,,
Humber,253,N 43.65541°,O 079.47492°,0,566,1,1,1,140.73,173.27,44.81847134,55.18152866,,,,,,,,,,,,,
Humber,254,N 43.65552°,O 079.47467°,4,572,0,0,0,133.35,180.65,42.46815287,57.53184713,,,,,,,,,,,,,
Humber,255,N 43.65574°,O 079.47449°,0,573,0,0,0,84.9,229.1,27.03821656,72.96178344,,,,,,,,,,,,,
Humber,256,N 43.65578°,O 079.47418°,0,574,1,1,1,90.24,223.76,28.7388535,71.2611465,,,,,,,,,,,,,
Humber,257,N 43.65574°,O 079.47388°,0,575,0,1,0,90.32,223.68,28.76433121,71.23566879,,,,,,,,,,,,,
Humber,258,N 43.65563°,O 079.47366°,0,576,0,0,0,44.48,269.52,14.1656051,85.8343949,,,,,,,,,,,,,
Humber,259,N 43.65550°,O 079.47342°,0,577,0,1,0,174.37,139.63,55.53184713,44.46815287,,,,,,,,,,,,,
Humber,260,N 43.65538°,O 079.47308°,0,578,1,1,1,53.6,260.4,17.07006369,82.92993631,,,,,,,,,,,,,
Humber,261,N 43.65522°,O 079.47298°,0,579,0,1,0,98.59,215.41,31.39808917,68.60191083,,,,,,,,,,,,,
Humber,262,N 43.65492°,O 079.47304°,0,580,0,0,0,94.47,219.53,30.08598726,69.91401274,,,,,,,,,,,,,
Humber,263,N 43.65492°,O 079.47279°,0,581,0,1,0,160.23,153.77,51.02866242,48.97133758,,,,,,,,,,,,,
Humber,264,N 43.65499°,O 079.47248°,6,582,0,1,0,126.34,187.66,40.23566879,59.76433121,,,,,,,,,,,,,
Humber,265,N 43.65509°,O 079.47231°,0,583,0,0,0,128.31,185.69,40.86305732,59.13694268,,,,,,,,,,,,,
Humber,266,N 43.65509°,O 079.47193°,1,584,0,1,0,100.42,213.58,31.98089172,68.01910828,,,,,,,,,,,,,
Humber,267,N 43.65515°,O 079.47173°,0,585,0,0,0,62.68,251.32,19.96178344,80.03821656,,,,,,,,,,,,,
Humber,268,N 43.65519°,O 079.47147°,0,586,1,1,1,126.2,187.8,40.1910828,59.8089172,,,,,,,,,,,,,
Humber,269,N 43.65537°,O 079.47133°,0,587,0,0,0,118.68,195.32,37.79617834,62.20382166,,,,,,,,,,,,,
Humber,270,N 43.65530°,O 079.47092°,2,588,0,1,0,103.5,210.5,32.96178344,67.03821656,,,,,,,,,,,,,
Humber,271,N 43.65538°,O 079.47064°,2,589,1,1,1,81.39,232.61,25.92038217,74.07961783,,,,,,,,,,,,,
Humber,272,N 43.65568°,O 079.47035°,0,590,1,1,1,95.78,218.22,30.50318471,69.49681529,,,,,,,,,,,,,
Humber,273,N 43.65586°,O 079.47017°,0,591,1,1,1,94.02,219.98,29.94267516,70.05732484,,,,,,,,,,,,,
Humber,274,N 43.65616°,O 079.47001°,3,592,0,1,0,62.33,251.67,19.85031847,80.14968153,,,,,,,,,,,,,
Humber,275,N 43.65632°,O 079.46992°,0,593,1,1,1,96.22,217.78,30.6433121,69.3566879,,,,,,,,,,,,,
Humber,276,N 43.65638°,O 079.46965°,0,594,0,1,0,111.56,202.44,35.52866242,64.47133758,,,,,,,,,,,,,
Humber,277,N 43.65653°,O 079.46957°,0,595,0,1,0,83.28,230.72,26.52229299,73.47770701,,,,,,,,,,,,,
Humber,278,N 43.65670°,O 079.46944°,4,596,0,1,0,68.74,245.26,21.89171975,78.10828025,,,,,,,,,,,,,
Humber,279,N 43.65677°,O 079.46926°,0,597,1,1,1,61.43,252.57,19.56369427,80.43630573,,,,,,,,,,,,,
Humber,280,N 43.65673°,O 079.46906°,0,598,0,1,0,83.49,230.51,26.58917197,73.41082803,,,,,,,,,,,,,
Humber,281,N 43.65674°,O 079.46866°,0,599,0,0,0,69.16,244.84,22.02547771,77.97452229,,,,,,,,,,,,,
Humber,282,N 43.65667°,O 079.46847°,0,600,0,0,0,110.43,203.57,35.16878981,64.83121019,,,,,,,,,,,,,
Humber,283,N 43.65681°,O 079.46828°,0,601,0,1,0,160.12,153.88,50.99363057,49.00636943,,,,,,,,,,,,,
Humber,284,N 43.65696°,O 079.46802°,0,602,0,0,0,120.66,193.34,38.42675159,61.57324841,,,,,,,,,,,,,
Humber,285,N 43.65688°,O 079.46774°,0,603,0,0,1,115.35,198.65,36.73566879,63.26433121,,,,,,,,,,,,,
Humber,286,N 43.65696°,O 079.46752°,0,604,0,0,0,173.54,140.46,55.26751592,44.73248408,,,,,,,,,,,,,
Humber,287,N 43.65709°,O 079.46728°,1,605,0,1,0,92.69,221.31,29.51910828,70.48089172,,,,,,,,,,,,,
Humber,288,N 43.65695°,O 079.46702°,0,606,0,0,1,314,0,100,0,,,,,,,,,,,,,